{
  "id": "2508348",
  "name": "xiaomishop",
  "font_family": "iconfont",
  "css_prefix_text": "icon-",
  "description": "",
  "glyphs": [
    {
      "icon_id": "6560960",
      "name": "购物车",
      "font_class": "gouwuche",
      "unicode": "e607",
      "unicode_decimal": 58887
    },
    {
      "icon_id": "840782",
      "name": "小米",
      "font_class": "xiaomi",
      "unicode": "e661",
      "unicode_decimal": 58977
    },
    {
      "icon_id": "21175591",
      "name": "搜索",
      "font_class": "sousuo",
      "unicode": "e623",
      "unicode_decimal": 58915
    }
  ]
}
